id,finalizacoes,title
67CF-0000-035F-BC1D,514,The Kindly Marked Troll Level
FF30-0000-034F-2967,408,SMW Remix: Castle #6
9C75-0000-0362-33D2,391,[2YMM] Pipe Connection Issues
F063-0000-0368-BB3E,348,[HĄŁŁ♥WĘĘŇ]  4 Spðφky Sącrıfıcęs
9767-0000-0329-7ACE,318,Pennywise's Level for Children
F44D-0000-035E-496C,288,[2YMM] In Muris Occulta
596A-0000-0375-6596,284,W10~ Blackcherry Mines
9FC1-0000-033D-EEA1,268,Mario Kart DELUXE?!?
F13E-0000-0360-FB47,229,Forgotten Fortress
8A10-0000-0359-3AC2,227,- SUPER MARIO MAKER -
